CHROM,POS,ID,REF,ALT,CLNSIG,CLNVC,GENEINFO,CLNREVSTAT,MC,Consequence,SYMBOL,Gene,Feature_type,Feature,BIOTYPE,cDNA_position,CANONICAL,LOEUF,pext,NMD_escape
chr1,12011542,572169,C,T,Pathogenic,single_nucleotide_variant,MFN2:9927,"criteria_provided,_multiple_submitters,_no_conflicts",SO:0001587|nonsense,stop_gained,MFN2,ENSG00000116688,Transcript,ENST00000235329,protein_coding,2441,YES,0.282,0.9712717103638157,YES
chr1,12011547,217162,C,A,Pathogenic,single_nucleotide_variant,MFN2:9927,"criteria_provided,_multiple_submitters,_no_conflicts",SO:0001587|nonsense,stop_gained,MFN2,ENSG00000116688,Transcript,ENST00000235329,protein_coding,2446,YES,0.282,0.9712717103638157,YES
chr1,42927224,193689,G,T,Pathogenic,single_nucleotide_variant,SLC2A1:6513,"criteria_provided,_multiple_submitters,_no_conflicts",SO:0001587|nonsense,stop_gained,SLC2A1,ENSG00000117394,Transcript,ENST00000426263,protein_coding,1513,YES,0.241,0.8791013070872209,YES
chr1,42927611,207213,A,C,Pathogenic,single_nucleotide_variant,SLC2A1:6513,"criteria_provided,_multiple_submitters,_no_conflicts",SO:0001587|nonsense,stop_gained,SLC2A1,ENSG00000117394,Transcript,ENST00000426263,protein_coding,1489,YES,0.241,0.8791013070872209,YES
chr1,119915869,545566,G,A,Pathogenic/Likely_pathogenic,single_nucleotide_variant,NOTCH2:4853,"criteria_provided,_multiple_submitters,_no_conflicts",SO:0001587|nonsense,stop_gained,NOTCH2,ENSG00000134250,Transcript,ENST00000256646,protein_coding,7109,YES,0.116,0.9244429767508365,YES
chr1,119915935,280705,G,A,Pathogenic,single_nucleotide_variant,NOTCH2:4853,"criteria_provided,_multiple_submitters,_no_conflicts",SO:0001587|nonsense,stop_gained,NOTCH2,ENSG00000134250,Transcript,ENST00000256646,protein_coding,7043,YES,0.116,0.9244429767508365,YES
chr1,119916055,1805545,G,A,Pathogenic,single_nucleotide_variant,NOTCH2:4853,"criteria_provided,_multiple_submitters,_no_conflicts",SO:0001587|nonsense,stop_gained,NOTCH2,ENSG00000134250,Transcript,ENST00000256646,protein_coding,6923,YES,0.116,0.9244429767508365,YES
chr1,151405611,801544,G,A,Pathogenic/Likely_pathogenic,single_nucleotide_variant,POGZ:23126,"criteria_provided,_multiple_submitters,_no_conflicts",SO:0001587|nonsense,stop_gained,POGZ,ENSG00000143442,Transcript,ENST00000271715,protein_coding,3768,YES,0.119,0.6382586599191589,YES
chr1,151405776,252690,G,A,Pathogenic/Likely_pathogenic,single_nucleotide_variant,POGZ:23126,"criteria_provided,_multiple_submitters,_no_conflicts",SO:0001587|nonsense,stop_gained,POGZ,ENSG00000143442,Transcript,ENST00000271715,protein_coding,3603,YES,0.119,0.638258659919159,YES
chr1,151406034,224724,G,A,Pathogenic,single_nucleotide_variant,POGZ:23126,"criteria_provided,_multiple_submitters,_no_conflicts",SO:0001587|nonsense,stop_gained,POGZ,ENSG00000143442,Transcript,ENST00000271715,protein_coding,3345,YES,0.119,0.6382586599191589,YES
chr1,151406046,521279,G,A,Pathogenic/Likely_pathogenic,single_nucleotide_variant,POGZ:23126,"criteria_provided,_multiple_submitters,_no_conflicts",SO:0001587|nonsense,stop_gained,POGZ,ENSG00000143442,Transcript,ENST00000271715,protein_coding,3333,YES,0.119,0.6382586599191589,YES
chr1,151406100,218149,G,A,Pathogenic,single_nucleotide_variant,POGZ:23126,"criteria_provided,_multiple_submitters,_no_conflicts",SO:0001587|nonsense,stop_gained,POGZ,ENSG00000143442,Transcript,ENST00000271715,protein_coding,3279,YES,0.119,0.638258659919159,YES
chr1,209788590,458682,G,A,Pathogenic,single_nucleotide_variant,IRF6:3664,"criteria_provided,_multiple_submitters,_no_conflicts",SO:0001587|nonsense,stop_gained,IRF6,ENSG00000117595,Transcript,ENST00000367021,protein_coding,1505,YES,0.132,0.93406820892325,YES
chr1,244053907,225923,C,T,Pathogenic,single_nucleotide_variant,ZBTB18:10472,"criteria_provided,_multiple_submitters,_no_conflicts",SO:0001587|nonsense,stop_gained,ZBTB18,ENSG00000179456,Transcript,ENST00000358704,protein_coding,282,YES,0.179,1.0,YES
chr2,32154386,988982,C,T,Pathogenic,single_nucleotide_variant,SPAST:6683,"criteria_provided,_multiple_submitters,_no_conflicts","SO:0001587|nonsense,SO:0001624|3_prime_UTR_variant",stop_gained,SPAST,ENSG00000021574,Transcript,ENST00000315285,protein_coding,2017,YES,0.224,1.0,YES
chr2,47480816,91005,C,A,Pathogenic,single_nucleotide_variant,MSH2:4436,reviewed_by_expert_panel,SO:0001587|nonsense,stop_gained,MSH2,ENSG00000095002,Transcript,ENST00000233146,protein_coding,2615,YES,0.334,0.9982144303671814,YES
chr2,47480818,91007,C,T,Pathogenic,single_nucleotide_variant,MSH2:4436,reviewed_by_expert_panel,SO:0001587|nonsense,stop_gained,MSH2,ENSG00000095002,Transcript,ENST00000233146,protein_coding,2617,YES,0.334,0.9982144303671814,YES
chr2,47480836,1929271,G,T,Pathogenic,single_nucleotide_variant,MSH2:4436,"criteria_provided,_multiple_submitters,_no_conflicts",SO:0001587|nonsense,stop_gained,MSH2,ENSG00000095002,Transcript,ENST00000233146,protein_coding,2635,YES,0.334,0.9732725490942645,YES
chr2,47480856,1333961,C,A,Pathogenic/Likely_pathogenic,single_nucleotide_variant,MSH2:4436,"criteria_provided,_multiple_submitters,_no_conflicts",SO:0001587|nonsense,stop_gained,MSH2,ENSG00000095002,Transcript,ENST00000233146,protein_coding,2655,YES,0.334,0.9732725490942645,YES
chr2,47480859,91014,T,A,Pathogenic,single_nucleotide_variant,MSH2:4436,reviewed_by_expert_panel,SO:0001587|nonsense,stop_gained,MSH2,ENSG00000095002,Transcript,ENST00000233146,protein_coding,2658,YES,0.334,0.9732725490942645,YES
chr2,47480863,644894,G,T,Pathogenic,single_nucleotide_variant,MSH2:4436,"criteria_provided,_multiple_submitters,_no_conflicts",SO:0001587|nonsense,stop_gained,MSH2,ENSG00000095002,Transcript,ENST00000233146,protein_coding,2662,YES,0.334,0.9732725490942645,YES
chr2,47482779,91028,C,T,Pathogenic,single_nucleotide_variant,MSH2:4436,reviewed_by_expert_panel,SO:0001587|nonsense,stop_gained&splice_region_variant,MSH2,ENSG00000095002,Transcript,ENST00000233146,protein_coding,2671,YES,0.334,0.9732725490942645,YES
chr2,47482785,1794203,G,T,Pathogenic/Likely_pathogenic,single_nucleotide_variant,MSH2:4436,"criteria_provided,_multiple_submitters,_no_conflicts",SO:0001587|nonsense,stop_gained,MSH2,ENSG00000095002,Transcript,ENST00000233146,protein_coding,2677,YES,0.334,0.9732725490942645,YES
chr2,47482797,91033,C,T,Pathogenic,single_nucleotide_variant,MSH2:4436,reviewed_by_expert_panel,SO:0001587|nonsense,stop_gained,MSH2,ENSG00000095002,Transcript,ENST00000233146,protein_coding,2689,YES,0.334,0.9732725490942645,YES
chr2,47482800,433904,G,T,Pathogenic/Likely_pathogenic,single_nucleotide_variant,MSH2:4436,"criteria_provided,_multiple_submitters,_no_conflicts",SO:0001587|nonsense,stop_gained,MSH2,ENSG00000095002,Transcript,ENST00000233146,protein_coding,2692,YES,0.334,0.9732725490942645,YES
chr2,199272657,620309,G,A,Pathogenic/Likely_pathogenic,single_nucleotide_variant,SATB2:23314|LOC126806462:126806462,"criteria_provided,_multiple_submitters,_no_conflicts",SO:0001587|nonsense,stop_gained,SATB2,ENSG00000119042,Transcript,ENST00000417098,protein_coding,2416,YES,0.091,0.9692552234444837,YES
chr3,25596462,988355,C,G,Pathogenic/Likely_pathogenic,single_nucleotide_variant,RARB:5915,"criteria_provided,_multiple_submitters,_no_conflicts","SO:0001587|nonsense,SO:0001619|non-coding_transcript_variant",stop_gained,RARB,ENSG00000077092,Transcript,ENST00000330688,protein_coding,1662,YES,0.12,0.9800145033781439,YES
chr3,25596479,809439,C,T,Pathogenic/Likely_pathogenic,single_nucleotide_variant,RARB:5915,"criteria_provided,_multiple_submitters,_no_conflicts","SO:0001587|nonsense,SO:0001619|non-coding_transcript_variant",stop_gained,RARB,ENSG00000077092,Transcript,ENST00000330688,protein_coding,1679,YES,0.12,0.9800145033781439,YES
chr3,52402608,30302,G,A,Pathogenic,single_nucleotide_variant,BAP1:8314,"criteria_provided,_multiple_submitters,_no_conflicts",SO:0001587|nonsense,stop_gained,BAP1,ENSG00000163930,Transcript,ENST00000460680,protein_coding,2180,YES,0.277,0.8061333771644877,YES
chr3,69959370,228363,C,T,Pathogenic,single_nucleotide_variant,MITF:4286,"criteria_provided,_multiple_submitters,_no_conflicts",SO:0001587|nonsense,stop_gained,MITF,ENSG00000187098,Transcript,ENST00000352241,protein_coding,1263,YES,0.308,0.9732384339199044,YES
chr3,69964865,995923,C,T,Pathogenic,single_nucleotide_variant,MITF:4286,"criteria_provided,_multiple_submitters,_no_conflicts",SO:0001587|nonsense,stop_gained,MITF,ENSG00000187098,Transcript,ENST00000352241,protein_coding,1332,YES,0.308,0.9732384339199044,YES
chr3,167684361,590684,G,A,Pathogenic,single_nucleotide_variant,PDCD10:11235,"criteria_provided,_multiple_submitters,_no_conflicts",SO:0001587|nonsense,stop_gained,PDCD10,ENSG00000114209,Transcript,ENST00000392750,protein_coding,1070,YES,0.325,0.9106163101622822,YES
chr3,167687281,536234,G,C,Pathogenic/Likely_pathogenic,single_nucleotide_variant,PDCD10:11235,"criteria_provided,_multiple_submitters,_no_conflicts",SO:0001587|nonsense,stop_gained,PDCD10,ENSG00000114209,Transcript,ENST00000392750,protein_coding,994,YES,0.325,0.9867017028977684,YES
chr3,189894422,2434205,C,T,Likely_pathogenic,single_nucleotide_variant,TP63:8626,"criteria_provided,_multiple_submitters,_no_conflicts","SO:0001587|nonsense,SO:0001624|3_prime_UTR_variant",stop_gained,TP63,ENSG00000073282,Transcript,ENST00000264731,protein_coding,2090,YES,0.267,0.9543913389495646,YES
chr4,101029169,1690939,C,A,Pathogenic/Likely_pathogenic,single_nucleotide_variant,PPP3CA:5530,"criteria_provided,_multiple_submitters,_no_conflicts","SO:0001587|nonsense,SO:0001627|intron_variant",stop_gained,PPP3CA,ENSG00000138814,Transcript,ENST00000394854,protein_coding,2096,YES,0.158,0.7083705219539546,YES
chr5,44305045,7529,G,A,Pathogenic/Likely_pathogenic,single_nucleotide_variant,FGF10:2255,"criteria_provided,_multiple_submitters,_no_conflicts",SO:0001587|nonsense,stop_gained,FGF10,ENSG00000070193,Transcript,ENST00000264664,protein_coding,1315,YES,0.339,0.776941306551396,YES
chr5,61541917,431797,C,T,Pathogenic/Likely_pathogenic,single_nucleotide_variant,ZSWIM6:57688,"criteria_provided,_multiple_submitters,_no_conflicts",SO:0001587|nonsense,stop_gained,ZSWIM6,ENSG00000130449,Transcript,ENST00000252744,protein_coding,2752,YES,0.067,1.0,YES
chr5,87389495,949975,C,T,Pathogenic,single_nucleotide_variant,RASA1:5921|CCNH:902,"criteria_provided,_multiple_submitters,_no_conflicts","SO:0001587|nonsense,SO:0001627|intron_variant",stop_gained,RASA1,ENSG00000145715,Transcript,ENST00000274376,protein_coding,3597,YES,0.129,0.8884880193127892,YES
chr5,87389522,411713,C,T,Pathogenic/Likely_pathogenic,single_nucleotide_variant,RASA1:5921|CCNH:902,"criteria_provided,_multiple_submitters,_no_conflicts","SO:0001587|nonsense,SO:0001627|intron_variant",stop_gained,RASA1,ENSG00000145715,Transcript,ENST00000274376,protein_coding,3624,YES,0.129,0.8884880193127892,YES
chr5,140114191,571407,C,T,Pathogenic,single_nucleotide_variant,PURA:5813,"criteria_provided,_multiple_submitters,_no_conflicts",SO:0001587|nonsense,stop_gained,PURA,ENSG00000185129,Transcript,ENST00000331327,protein_coding,83,YES,0.335,0.9017591326618033,YES
chr5,140114258,951036,C,A,Pathogenic,single_nucleotide_variant,PURA:5813,"criteria_provided,_multiple_submitters,_no_conflicts",SO:0001587|nonsense,stop_gained,PURA,ENSG00000185129,Transcript,ENST00000331327,protein_coding,150,YES,0.335,0.9017591326618033,YES
chr5,140114344,426145,C,T,Pathogenic,single_nucleotide_variant,PURA:5813,"criteria_provided,_multiple_submitters,_no_conflicts",SO:0001587|nonsense,stop_gained,PURA,ENSG00000185129,Transcript,ENST00000331327,protein_coding,236,YES,0.335,0.9017591326618033,YES
chr5,140114350,1686114,G,T,Pathogenic,single_nucleotide_variant,PURA:5813,"criteria_provided,_multiple_submitters,_no_conflicts",SO:0001587|nonsense,stop_gained,PURA,ENSG00000185129,Transcript,ENST00000331327,protein_coding,242,YES,0.335,0.9017591326618033,YES
chr5,140114356,582890,C,T,Pathogenic,single_nucleotide_variant,PURA:5813,"criteria_provided,_multiple_submitters,_no_conflicts",SO:0001587|nonsense,stop_gained,PURA,ENSG00000185129,Transcript,ENST00000331327,protein_coding,248,YES,0.335,0.9017591326618033,YES
chr5,140114359,975786,G,T,Pathogenic,single_nucleotide_variant,PURA:5813,"criteria_provided,_multiple_submitters,_no_conflicts",SO:0001587|nonsense,stop_gained,PURA,ENSG00000185129,Transcript,ENST00000331327,protein_coding,251,YES,0.335,0.9017591326618033,YES
chr5,140114386,489041,C,T,Pathogenic,single_nucleotide_variant,PURA:5813,"criteria_provided,_multiple_submitters,_no_conflicts",SO:0001587|nonsense,stop_gained,PURA,ENSG00000185129,Transcript,ENST00000331327,protein_coding,278,YES,0.335,0.9017591326618033,YES
chr5,140114544,156408,C,G,Pathogenic/Likely_pathogenic,single_nucleotide_variant,PURA:5813,"criteria_provided,_multiple_submitters,_no_conflicts",SO:0001587|nonsense,stop_gained,PURA,ENSG00000185129,Transcript,ENST00000331327,protein_coding,436,YES,0.335,0.9017591326618033,YES
chr5,140114668,451895,C,T,Pathogenic,single_nucleotide_variant,PURA:5813,"criteria_provided,_multiple_submitters,_no_conflicts",SO:0001587|nonsense,stop_gained,PURA,ENSG00000185129,Transcript,ENST00000331327,protein_coding,560,YES,0.335,0.9017591326618033,YES
chr5,140114821,635405,G,T,Pathogenic/Likely_pathogenic,single_nucleotide_variant,PURA:5813,"criteria_provided,_multiple_submitters,_no_conflicts",SO:0001587|nonsense,stop_gained,PURA,ENSG00000185129,Transcript,ENST00000331327,protein_coding,713,YES,0.335,0.9017591326618033,YES
chr5,140114901,959604,C,G,Pathogenic/Likely_pathogenic,single_nucleotide_variant,PURA:5813,"criteria_provided,_multiple_submitters,_no_conflicts",SO:0001587|nonsense,stop_gained,PURA,ENSG00000185129,Transcript,ENST00000331327,protein_coding,793,YES,0.335,0.9017591326618033,YES
chr5,173232833,523473,G,T,Pathogenic,single_nucleotide_variant,NKX2-5:1482,"criteria_provided,_multiple_submitters,_no_conflicts","SO:0001587|nonsense,SO:0001624|3_prime_UTR_variant",stop_gained,NKX2-5,ENSG00000183072,Transcript,ENST00000329198,protein_coding,834,YES,0.326,0.9640235427972993,YES
chr5,173232843,390482,G,T,Pathogenic/Likely_pathogenic,single_nucleotide_variant,NKX2-5:1482,"criteria_provided,_multiple_submitters,_no_conflicts","SO:0001587|nonsense,SO:0001624|3_prime_UTR_variant",stop_gained,NKX2-5,ENSG00000183072,Transcript,ENST00000329198,protein_coding,824,YES,0.326,0.9640235427972993,YES
chr5,173233053,519074,G,T,Pathogenic,single_nucleotide_variant,NKX2-5:1482,"criteria_provided,_multiple_submitters,_no_conflicts","SO:0001587|nonsense,SO:0001624|3_prime_UTR_variant",stop_gained,NKX2-5,ENSG00000183072,Transcript,ENST00000329198,protein_coding,614,YES,0.326,0.9640235427972993,YES
chr5,177292121,407363,C,G,Pathogenic,single_nucleotide_variant,NSD1:64324,"criteria_provided,_multiple_submitters,_no_conflicts",SO:0001587|nonsense,stop_gained,NSD1,ENSG00000165671,Transcript,ENST00000439151,protein_coding,6623,YES,0.095,0.8538138334959379,YES
chr5,177292149,159421,C,T,Pathogenic,single_nucleotide_variant,NSD1:64324,"criteria_provided,_multiple_submitters,_no_conflicts",SO:0001587|nonsense,stop_gained,NSD1,ENSG00000165671,Transcript,ENST00000439151,protein_coding,6651,YES,0.095,0.8538138334959379,YES
chr5,177293927,159431,C,T,Pathogenic/Likely_pathogenic,single_nucleotide_variant,NSD1:64324,"criteria_provided,_multiple_submitters,_no_conflicts",SO:0001587|nonsense,stop_gained,NSD1,ENSG00000165671,Transcript,ENST00000439151,protein_coding,6756,YES,0.095,0.8538138334959379,YES
chr6,7582690,44928,C,T,Pathogenic,single_nucleotide_variant,DSP:1832,"criteria_provided,_multiple_submitters,_no_conflicts",SO:0001587|nonsense,stop_gained,DSP,ENSG00000096696,Transcript,ENST00000379802,protein_coding,5673,YES,0.26,0.999478479125473,YES
chr6,7583035,1171279,C,T,Pathogenic/Likely_pathogenic,single_nucleotide_variant,DSP:1832,"criteria_provided,_multiple_submitters,_no_conflicts",SO:0001587|nonsense,stop_gained,DSP,ENSG00000096696,Transcript,ENST00000379802,protein_coding,6018,YES,0.26,0.999478479125473,YES
chr6,7583062,16843,C,T,Pathogenic,single_nucleotide_variant,DSP:1832,"criteria_provided,_multiple_submitters,_no_conflicts",SO:0001587|nonsense,stop_gained,DSP,ENSG00000096696,Transcript,ENST00000379802,protein_coding,6045,YES,0.26,0.999478479125473,YES
chr6,7583113,222582,C,T,Pathogenic/Likely_pathogenic,single_nucleotide_variant,DSP:1832,"criteria_provided,_multiple_submitters,_no_conflicts",SO:0001587|nonsense,stop_gained,DSP,ENSG00000096696,Transcript,ENST00000379802,protein_coding,6096,YES,0.26,0.999478479125473,YES
chr6,7583515,1706141,C,T,Pathogenic,single_nucleotide_variant,DSP:1832,"criteria_provided,_multiple_submitters,_no_conflicts",SO:0001587|nonsense,stop_gained,DSP,ENSG00000096696,Transcript,ENST00000379802,protein_coding,6498,YES,0.26,0.999478479125473,YES
chr6,7583740,199902,C,T,Pathogenic/Likely_pathogenic,single_nucleotide_variant,DSP:1832,"criteria_provided,_multiple_submitters,_no_conflicts",SO:0001587|nonsense,stop_gained,DSP,ENSG00000096696,Transcript,ENST00000379802,protein_coding,6723,YES,0.26,0.999478479125473,YES
chr6,7583758,199903,C,T,Pathogenic/Likely_pathogenic,single_nucleotide_variant,DSP:1832,"criteria_provided,_multiple_submitters,_no_conflicts",SO:0001587|nonsense,stop_gained,DSP,ENSG00000096696,Transcript,ENST00000379802,protein_coding,6741,YES,0.26,0.999478479125473,YES
chr6,7584112,199905,C,T,Pathogenic,single_nucleotide_variant,DSP:1832,"criteria_provided,_multiple_submitters,_no_conflicts",SO:0001587|nonsense,stop_gained,DSP,ENSG00000096696,Transcript,ENST00000379802,protein_coding,7095,YES,0.26,0.999478479125473,YES
chr6,7584328,620416,A,T,Pathogenic/Likely_pathogenic,single_nucleotide_variant,DSP:1832,"criteria_provided,_multiple_submitters,_no_conflicts",SO:0001587|nonsense,stop_gained,DSP,ENSG00000096696,Transcript,ENST00000379802,protein_coding,7311,YES,0.26,0.999478479125473,YES
chr6,7584479,1326970,C,G,Pathogenic/Likely_pathogenic,single_nucleotide_variant,DSP:1832,"criteria_provided,_multiple_submitters,_no_conflicts",SO:0001587|nonsense,stop_gained,DSP,ENSG00000096696,Transcript,ENST00000379802,protein_coding,7462,YES,0.26,0.999478479125473,YES
chr6,7584903,432027,C,G,Pathogenic/Likely_pathogenic,single_nucleotide_variant,DSP:1832,"criteria_provided,_multiple_submitters,_no_conflicts",SO:0001587|nonsense,stop_gained,DSP,ENSG00000096696,Transcript,ENST00000379802,protein_coding,7886,YES,0.26,0.999478479125473,YES
chr6,7585276,419466,C,T,Pathogenic,single_nucleotide_variant,DSP:1832,"criteria_provided,_multiple_submitters,_no_conflicts",SO:0001587|nonsense,stop_gained,DSP,ENSG00000096696,Transcript,ENST00000379802,protein_coding,8259,YES,0.26,0.999478479125473,YES
chr6,7585432,246677,C,T,Pathogenic/Likely_pathogenic,single_nucleotide_variant,DSP:1832,"criteria_provided,_multiple_submitters,_no_conflicts",SO:0001587|nonsense,stop_gained,DSP,ENSG00000096696,Transcript,ENST00000379802,protein_coding,8415,YES,0.26,0.999478479125473,YES
chr6,87255526,982202,C,T,Likely_pathogenic,single_nucleotide_variant,ZNF292:23036,"criteria_provided,_multiple_submitters,_no_conflicts",SO:0001587|nonsense,stop_gained,ZNF292,ENSG00000188994,Transcript,ENST00000369577,protein_coding,1924,YES,0.14,0.9485881816371224,YES
chr6,87258526,982165,A,T,Pathogenic,single_nucleotide_variant,ZNF292:23036,"criteria_provided,_multiple_submitters,_no_conflicts",SO:0001587|nonsense,stop_gained,ZNF292,ENSG00000188994,Transcript,ENST00000369577,protein_coding,4924,YES,0.14,0.9485881816371224,YES
chr6,110101594,561980,G,A,Pathogenic,single_nucleotide_variant,WASF1:8936,"criteria_provided,_multiple_submitters,_no_conflicts",SO:0001587|nonsense,stop_gained,WASF1,ENSG00000112290,Transcript,ENST00000392589,protein_coding,2019,YES,0.215,0.9924023934424195,YES
chr7,128858421,585876,C,A,Pathogenic/Likely_pathogenic,single_nucleotide_variant,FLNC:2318|FLNC-AS1:110806300,"criteria_provided,_multiple_submitters,_no_conflicts",SO:0001587|nonsense,stop_gained,FLNC,ENSG00000128591,Transcript,ENST00000325888,protein_coding,8308,YES,0.25,0.9999541267006,YES
chr7,128858474,694402,G,A,Pathogenic,single_nucleotide_variant,FLNC:2318|FLNC-AS1:110806300,"criteria_provided,_multiple_submitters,_no_conflicts",SO:0001587|nonsense,stop_gained,FLNC,ENSG00000128591,Transcript,ENST00000325888,protein_coding,8361,YES,0.25,0.9999541267006,YES
chr7,128858475,18314,G,A,Pathogenic,single_nucleotide_variant,FLNC:2318|FLNC-AS1:110806300,"criteria_provided,_multiple_submitters,_no_conflicts",SO:0001587|nonsense,stop_gained,FLNC,ENSG00000128591,Transcript,ENST00000325888,protein_coding,8362,YES,0.25,0.9999541267006,YES
chr7,155802982,545579,G,T,Pathogenic/Likely_pathogenic,single_nucleotide_variant,SHH:6469,"criteria_provided,_multiple_submitters,_no_conflicts","SO:0001587|nonsense,SO:0001627|intron_variant",stop_gained,SHH,ENSG00000164690,Transcript,ENST00000297261,protein_coding,1648,YES,0.242,0.9447511198773094,YES
chr8,20220382,203442,C,T,Pathogenic,single_nucleotide_variant,ATP6V1B2:526,"criteria_provided,_multiple_submitters,_no_conflicts",SO:0001587|nonsense,stop_gained,ATP6V1B2,ENSG00000147416,Transcript,ENST00000276390,protein_coding,1542,YES,0.287,0.8965460563028651,YES
chr8,60862599,504190,G,T,Pathogenic,single_nucleotide_variant,CHD7:55636,"criteria_provided,_multiple_submitters,_no_conflicts",SO:0001587|nonsense,stop_gained,CHD7,ENSG00000171316,Transcript,ENST00000423902,protein_coding,8540,YES,0.076,0.739806205997902,YES
chr8,143816948,599206,G,A,Pathogenic,single_nucleotide_variant,PUF60:22827,"criteria_provided,_multiple_submitters,_no_conflicts",SO:0001587|nonsense,stop_gained,PUF60,ENSG00000179950,Transcript,ENST00000526683,protein_coding,1354,YES,0.245,0.8778901921033015,YES
chr9,27229182,1285389,G,T,Pathogenic/Likely_pathogenic,single_nucleotide_variant,TEK:7010,"criteria_provided,_multiple_submitters,_no_conflicts",SO:0001587|nonsense,stop_gained,TEK,ENSG00000120156,Transcript,ENST00000380036,protein_coding,3691,YES,0.179,1.0,YES
chr9,32541986,224754,G,A,Pathogenic/Likely_pathogenic,single_nucleotide_variant,TOPORS:10210,"criteria_provided,_multiple_submitters,_no_conflicts",SO:0001587|nonsense,stop_gained,TOPORS,ENSG00000197579,Transcript,ENST00000360538,protein_coding,2689,YES,0.242,1.0,YES
chr9,32542103,861205,C,A,Pathogenic,single_nucleotide_variant,TOPORS:10210,"criteria_provided,_multiple_submitters,_no_conflicts",SO:0001587|nonsense,stop_gained,TOPORS,ENSG00000197579,Transcript,ENST00000360538,protein_coding,2572,YES,0.242,1.0,YES
chr9,134842172,827999,C,T,Pathogenic/Likely_pathogenic,single_nucleotide_variant,COL5A1:1289|LOC101448202:101448202,"criteria_provided,_multiple_submitters,_no_conflicts",SO:0001587|nonsense,stop_gained,COL5A1,ENSG00000130635,Transcript,ENST00000371817,protein_coding,5771,YES,0.055,0.7225100881451537,YES
chr10,28617747,426162,C,T,Pathogenic,single_nucleotide_variant,WAC:51322,"criteria_provided,_multiple_submitters,_no_conflicts",SO:0001587|nonsense,stop_gained,WAC,ENSG00000095787,Transcript,ENST00000354911,protein_coding,2299,YES,0.084,0.8818229154134956,YES
chr10,28617774,1723734,C,T,Pathogenic,single_nucleotide_variant,WAC:51322,"criteria_provided,_multiple_submitters,_no_conflicts",SO:0001587|nonsense,stop_gained,WAC,ENSG00000095787,Transcript,ENST00000354911,protein_coding,2326,YES,0.084,0.8818229154134956,YES
chr10,93797060,265352,C,T,Likely_pathogenic,single_nucleotide_variant,LGI1:9211,"criteria_provided,_multiple_submitters,_no_conflicts","SO:0001587|nonsense,SO:0001619|non-coding_transcript_variant,SO:0001627|intron_variant",stop_gained,LGI1,ENSG00000108231,Transcript,ENST00000371418,protein_coding,1140,YES,0.191,0.7255104913787467,YES
chr10,93797117,1455204,C,T,Pathogenic,single_nucleotide_variant,LGI1:9211,"criteria_provided,_multiple_submitters,_no_conflicts","SO:0001587|nonsense,SO:0001619|non-coding_transcript_variant,SO:0001627|intron_variant",stop_gained,LGI1,ENSG00000108231,Transcript,ENST00000371418,protein_coding,1197,YES,0.191,0.7255104913787467,YES
chr11,57611936,1013322,G,T,Pathogenic/Likely_pathogenic,single_nucleotide_variant,SERPING1:710,"criteria_provided,_multiple_submitters,_no_conflicts",SO:0001587|nonsense,stop_gained&splice_region_variant,SERPING1,ENSG00000149131,Transcript,ENST00000278407,protein_coding,1309,YES,0.322,0.8532683400532469,YES
chr11,57614498,626354,C,T,Pathogenic,single_nucleotide_variant,SERPING1:710,"criteria_provided,_multiple_submitters,_no_conflicts",SO:0001587|nonsense,stop_gained,SERPING1,ENSG00000149131,Transcript,ENST00000278407,protein_coding,1480,YES,0.322,0.8532683400532469,YES
chr11,57614558,626347,C,T,Pathogenic,single_nucleotide_variant,SERPING1:710,"criteria_provided,_multiple_submitters,_no_conflicts",SO:0001587|nonsense,stop_gained,SERPING1,ENSG00000149131,Transcript,ENST00000278407,protein_coding,1540,YES,0.322,0.8532683400532469,YES
chr11,65655736,1075392,G,A,Pathogenic/Likely_pathogenic,single_nucleotide_variant,RELA:5970,"criteria_provided,_multiple_submitters,_no_conflicts",SO:0001587|nonsense,stop_gained,RELA,ENSG00000173039,Transcript,ENST00000406246,protein_coding,1069,YES,0.181,0.6895374474070387,YES
chr12,49022063,280126,G,A,Pathogenic,single_nucleotide_variant,KMT2D:8085,"criteria_provided,_multiple_submitters,_no_conflicts",SO:0001587|nonsense,stop_gained,KMT2D,ENSG00000167548,Transcript,ENST00000301067,protein_coding,17720,YES,0.103,0.9191964265045286,YES
chr13,114325034,208415,C,T,Pathogenic,single_nucleotide_variant,CHAMP1:283489,"criteria_provided,_multiple_submitters,_no_conflicts",SO:0001587|nonsense,stop_gained,CHAMP1,ENSG00000198824,Transcript,ENST00000361283,protein_coding,1511,YES,0.271,0.8072347572815572,YES
chr13,114325331,210050,C,T,Pathogenic,single_nucleotide_variant,CHAMP1:283489|LINC01054:104355150,"criteria_provided,_multiple_submitters,_no_conflicts",SO:0001587|nonsense,stop_gained,CHAMP1,ENSG00000198824,Transcript,ENST00000361283,protein_coding,1808,YES,0.271,0.8072347572815572,YES
chr13,114325700,981896,A,T,Pathogenic,single_nucleotide_variant,CHAMP1:283489,"criteria_provided,_multiple_submitters,_no_conflicts",SO:0001587|nonsense,stop_gained,CHAMP1,ENSG00000198824,Transcript,ENST00000361283,protein_coding,2177,YES,0.271,0.8072347572815572,YES
chr13,114325969,523879,T,G,Pathogenic/Likely_pathogenic,single_nucleotide_variant,CHAMP1:283489,"criteria_provided,_multiple_submitters,_no_conflicts",SO:0001587|nonsense,stop_gained,CHAMP1,ENSG00000198824,Transcript,ENST00000361283,protein_coding,2446,YES,0.271,0.8072347572815572,YES
chr14,75959231,449918,C,A,Likely_pathogenic,single_nucleotide_variant,TGFB3:7043,"criteria_provided,_multiple_submitters,_no_conflicts",SO:0001587|nonsense,stop_gained,TGFB3,ENSG00000119699,Transcript,ENST00000238682,protein_coding,2297,YES,0.27,0.5946575394380821,YES
chr14,75960969,410269,G,C,Pathogenic/Likely_pathogenic,single_nucleotide_variant,TGFB3:7043,"criteria_provided,_multiple_submitters,_no_conflicts",SO:0001587|nonsense,stop_gained,TGFB3,ENSG00000119699,Transcript,ENST00000238682,protein_coding,2136,YES,0.27,0.5946575394380821,YES
chr15,38351080,1335175,C,T,Pathogenic/Likely_pathogenic,single_nucleotide_variant,SPRED1:161742,"criteria_provided,_multiple_submitters,_no_conflicts",SO:0001587|nonsense,stop_gained,SPRED1,ENSG00000166068,Transcript,ENST00000299084,protein_coding,1101,YES,0.319,0.9425179251424719,YES
chr15,38351103,620355,T,G,Likely_pathogenic,single_nucleotide_variant,SPRED1:161742,"criteria_provided,_multiple_submitters,_no_conflicts",SO:0001587|nonsense,stop_gained,SPRED1,ENSG00000166068,Transcript,ENST00000299084,protein_coding,1124,YES,0.319,0.9425179251424719,YES
chr15,38351302,374301,C,T,Pathogenic,single_nucleotide_variant,SPRED1:161742,"criteria_provided,_multiple_submitters,_no_conflicts",SO:0001587|nonsense,stop_gained,SPRED1,ENSG00000166068,Transcript,ENST00000299084,protein_coding,1323,YES,0.319,0.9425179251424719,YES
chr15,38351344,592540,C,T,Pathogenic,single_nucleotide_variant,SPRED1:161742,"criteria_provided,_multiple_submitters,_no_conflicts",SO:0001587|nonsense,stop_gained,SPRED1,ENSG00000166068,Transcript,ENST00000299084,protein_coding,1365,YES,0.319,0.9425179251424719,YES
chr16,3728723,431483,G,T,Likely_pathogenic,single_nucleotide_variant,CREBBP:1387,"criteria_provided,_multiple_submitters,_no_conflicts",SO:0001587|nonsense,stop_gained,CREBBP,ENSG00000005339,Transcript,ENST00000262367,protein_coding,7121,YES,0.066,0.7513320380757937,YES
chr16,3728797,984922,G,A,Likely_pathogenic,single_nucleotide_variant,CREBBP:1387,"criteria_provided,_multiple_submitters,_no_conflicts",SO:0001587|nonsense,stop_gained,CREBBP,ENSG00000005339,Transcript,ENST00000262367,protein_coding,7047,YES,0.066,0.7513320380757937,YES
chr16,3728806,280284,G,A,Pathogenic/Likely_pathogenic,single_nucleotide_variant,CREBBP:1387,"criteria_provided,_multiple_submitters,_no_conflicts",SO:0001587|nonsense,stop_gained,CREBBP,ENSG00000005339,Transcript,ENST00000262367,protein_coding,7038,YES,0.066,0.7513320380757937,YES
chr16,3729409,619238,G,A,Pathogenic,single_nucleotide_variant,CREBBP:1387,"criteria_provided,_multiple_submitters,_no_conflicts",SO:0001587|nonsense,stop_gained,CREBBP,ENSG00000005339,Transcript,ENST00000262367,protein_coding,6435,YES,0.066,0.7513320380757937,YES
chr16,30993183,590057,G,A,Pathogenic,single_nucleotide_variant,STX1B:112755,"criteria_provided,_multiple_submitters,_no_conflicts",SO:0001587|nonsense,stop_gained,STX1B,ENSG00000099365,Transcript,ENST00000215095,protein_coding,975,YES,0.268,0.9087138730202708,YES
chr16,50796443,5259,C,T,Pathogenic,single_nucleotide_variant,CYLD:1540|CYLD-AS2:105371251,"criteria_provided,_multiple_submitters,_no_conflicts","SO:0001587|nonsense,SO:0001619|non-coding_transcript_variant",stop_gained,CYLD,ENSG00000083799,Transcript,ENST00000427738,protein_coding,3048,YES,0.204,0.6639986526921676,YES
chr16,89268645,208708,G,A,Pathogenic,single_nucleotide_variant,ANKRD11:29123,"criteria_provided,_multiple_submitters,_no_conflicts",SO:0001587|nonsense,stop_gained,ANKRD11,ENSG00000167522,Transcript,ENST00000301030,protein_coding,8286,YES,0.107,0.5272517495279408,YES
chr17,2680272,159494,C,T,Pathogenic,single_nucleotide_variant,PAFAH1B1:5048,"criteria_provided,_multiple_submitters,_no_conflicts",SO:0001587|nonsense,stop_gained,PAFAH1B1,ENSG00000007168,Transcript,ENST00000397195,protein_coding,1654,YES,0.107,0.720314909213222,YES
chr17,44250478,1275803,C,A,Likely_pathogenic,single_nucleotide_variant,SLC4A1:6521,"criteria_provided,_multiple_submitters,_no_conflicts",SO:0001587|nonsense,stop_gained,SLC4A1,ENSG00000004939,Transcript,ENST00000262418,protein_coding,2866,YES,0.349,0.9776197282724064,YES
chr17,62612401,620238,C,T,Pathogenic/Likely_pathogenic,single_nucleotide_variant,TLK2:11011,"criteria_provided,_multiple_submitters,_no_conflicts",SO:0001587|nonsense,stop_gained,TLK2,ENSG00000146872,Transcript,ENST00000346027,protein_coding,2560,YES,0.114,0.6692995660453644,YES
chr17,62612419,689792,C,T,Pathogenic,single_nucleotide_variant,TLK2:11011,"criteria_provided,_multiple_submitters,_no_conflicts",SO:0001587|nonsense,stop_gained,TLK2,ENSG00000146872,Transcript,ENST00000346027,protein_coding,2578,YES,0.114,0.6692995660453644,YES
chr17,68530405,29907,C,T,Pathogenic,single_nucleotide_variant,PRKAR1A:5573,"criteria_provided,_multiple_submitters,_no_conflicts","SO:0001587|nonsense,SO:0001627|intron_variant",stop_gained,PRKAR1A,ENSG00000108946,Transcript,ENST00000589228,protein_coding,1227,YES,0.119,0.7225794190093094,YES
chr17,72123875,489071,C,T,Pathogenic/Likely_pathogenic,single_nucleotide_variant,SOX9:6662,"criteria_provided,_multiple_submitters,_no_conflicts",SO:0001587|nonsense,stop_gained,SOX9,ENSG00000125398,Transcript,ENST00000245479,protein_coding,1390,YES,0.168,1.0,YES
chr17,72124037,373101,C,T,Pathogenic,single_nucleotide_variant,SOX9:6662,"criteria_provided,_multiple_submitters,_no_conflicts",SO:0001587|nonsense,stop_gained,SOX9,ENSG00000125398,Transcript,ENST00000245479,protein_coding,1552,YES,0.168,1.0,YES
chr17,72124177,21163,C,A,Pathogenic,single_nucleotide_variant,SOX9:6662,"criteria_provided,_multiple_submitters,_no_conflicts",SO:0001587|nonsense,stop_gained,SOX9,ENSG00000125398,Transcript,ENST00000245479,protein_coding,1692,YES,0.168,1.0,YES
chr17,72124177,2510,C,G,Pathogenic,single_nucleotide_variant,SOX9:6662,"criteria_provided,_multiple_submitters,_no_conflicts",SO:0001587|nonsense,stop_gained,SOX9,ENSG00000125398,Transcript,ENST00000245479,protein_coding,1692,YES,0.168,1.0,YES
chr18,31354855,872393,C,T,Pathogenic/Likely_pathogenic,single_nucleotide_variant,DSG1:1828|DSG1-AS1:101927718,"criteria_provided,_multiple_submitters,_no_conflicts",SO:0001587|nonsense,stop_gained,DSG1,ENSG00000134760,Transcript,ENST00000257192,protein_coding,2800,YES,0.331,1.0,YES
chr18,33740405,1190402,C,T,Pathogenic/Likely_pathogenic,single_nucleotide_variant,ASXL3:80816,"criteria_provided,_multiple_submitters,_no_conflicts",SO:0001587|nonsense,stop_gained,ASXL3,ENSG00000141431,Transcript,ENST00000269197,protein_coding,3414,YES,0.199,0.8113116773632458,YES
chr18,33742954,429913,C,T,Pathogenic/Likely_pathogenic,single_nucleotide_variant,ASXL3:80816,"criteria_provided,_multiple_submitters,_no_conflicts",SO:0001587|nonsense,stop_gained,ASXL3,ENSG00000141431,Transcript,ENST00000269197,protein_coding,3519,YES,0.199,0.8113116773632458,YES
chr18,33743197,279694,C,T,Pathogenic/Likely_pathogenic,single_nucleotide_variant,ASXL3:80816,"criteria_provided,_multiple_submitters,_no_conflicts",SO:0001587|nonsense,stop_gained,ASXL3,ENSG00000141431,Transcript,ENST00000269197,protein_coding,3762,YES,0.199,0.8113116773632458,YES
chr18,33744178,520661,C,T,Pathogenic/Likely_pathogenic,single_nucleotide_variant,ASXL3:80816,"criteria_provided,_multiple_submitters,_no_conflicts",SO:0001587|nonsense,stop_gained,ASXL3,ENSG00000141431,Transcript,ENST00000269197,protein_coding,4743,YES,0.199,0.8113116773632458,YES
chr18,33744247,452589,C,T,Pathogenic,single_nucleotide_variant,ASXL3:80816,"criteria_provided,_multiple_submitters,_no_conflicts",SO:0001587|nonsense,stop_gained,ASXL3,ENSG00000141431,Transcript,ENST00000269197,protein_coding,4812,YES,0.199,0.8113116773632458,YES
chr18,33745315,1696910,C,T,Pathogenic/Likely_pathogenic,single_nucleotide_variant,ASXL3:80816,"criteria_provided,_multiple_submitters,_no_conflicts",SO:0001587|nonsense,stop_gained,ASXL3,ENSG00000141431,Transcript,ENST00000269197,protein_coding,5880,YES,0.199,0.8113116773632458,YES
chr19,1223154,1801558,C,T,Pathogenic,single_nucleotide_variant,STK11:6794|LOC130062899:130062899,"criteria_provided,_multiple_submitters,_no_conflicts",SO:0001587|nonsense,stop_gained,STK11,ENSG00000118046,Transcript,ENST00000326873,protein_coding,2226,YES,0.245,0.6935676287115645,YES
chr19,15160965,224883,G,C,Pathogenic,single_nucleotide_variant,NOTCH3:4854,"criteria_provided,_multiple_submitters,_no_conflicts",SO:0001587|nonsense,stop_gained,NOTCH3,ENSG00000074181,Transcript,ENST00000263388,protein_coding,6753,YES,0.322,0.9402882918435052,YES
chr19,42249415,985387,G,A,Pathogenic,single_nucleotide_variant,ERF:2077,"criteria_provided,_multiple_submitters,_no_conflicts",SO:0001587|nonsense,stop_gained,ERF,ENSG00000105722,Transcript,ENST00000222329,protein_coding,826,YES,0.261,0.8026570564474587,YES
chr19,42249460,1310308,G,A,Pathogenic/Likely_pathogenic,single_nucleotide_variant,ERF:2077,"criteria_provided,_multiple_submitters,_no_conflicts",SO:0001587|nonsense,stop_gained,ERF,ENSG00000105722,Transcript,ENST00000222329,protein_coding,781,YES,0.261,0.8026570564474587,YES
chr19,42249493,476627,G,A,Pathogenic,single_nucleotide_variant,ERF:2077,"criteria_provided,_multiple_submitters,_no_conflicts",SO:0001587|nonsense,stop_gained,ERF,ENSG00000105722,Transcript,ENST00000222329,protein_coding,748,YES,0.261,0.8026570564474587,YES
chr19,42249565,55923,G,A,Pathogenic,single_nucleotide_variant,ERF:2077,"criteria_provided,_multiple_submitters,_no_conflicts",SO:0001587|nonsense,stop_gained,ERF,ENSG00000105722,Transcript,ENST00000222329,protein_coding,676,YES,0.261,0.8026570564474587,YES
chr20,6778406,816934,C,T,Pathogenic,single_nucleotide_variant,BMP2:650,"criteria_provided,_multiple_submitters,_no_conflicts",SO:0001587|nonsense,stop_gained,BMP2,ENSG00000125845,Transcript,ENST00000378827,protein_coding,1705,YES,0.224,1.0,YES
chr20,10306165,986340,C,T,Likely_pathogenic,single_nucleotide_variant,SNAP25:6616,"criteria_provided,_multiple_submitters,_no_conflicts",SO:0001587|nonsense,stop_gained,SNAP25,ENSG00000132639,Transcript,ENST00000254976,protein_coding,800,YES,0.229,0.7602971878475733,YES
chr20,49373813,633637,G,A,Pathogenic/Likely_pathogenic,single_nucleotide_variant,KCNB1:3745,"criteria_provided,_multiple_submitters,_no_conflicts",SO:0001587|nonsense,stop_gained,KCNB1,ENSG00000158445,Transcript,ENST00000371741,protein_coding,1935,YES,0.125,1.0,YES
chr20,49374263,420881,G,A,Pathogenic/Likely_pathogenic,single_nucleotide_variant,KCNB1:3745,"criteria_provided,_multiple_submitters,_no_conflicts",SO:0001587|nonsense,stop_gained,KCNB1,ENSG00000158445,Transcript,ENST00000371741,protein_coding,1485,YES,0.125,1.0,YES
chr20,49374451,916589,C,T,Pathogenic,single_nucleotide_variant,KCNB1:3745,"criteria_provided,_multiple_submitters,_no_conflicts",SO:0001587|nonsense,stop_gained,KCNB1,ENSG00000158445,Transcript,ENST00000371741,protein_coding,1297,YES,0.125,1.0,YES
chr20,49374917,817559,G,A,Pathogenic/Likely_pathogenic,single_nucleotide_variant,KCNB1:3745,"criteria_provided,_multiple_submitters,_no_conflicts",SO:0001587|nonsense,stop_gained,KCNB1,ENSG00000158445,Transcript,ENST00000371741,protein_coding,831,YES,0.125,1.0,YES
chr22,27751061,812559,G,A,Pathogenic,single_nucleotide_variant,MN1:4330,"criteria_provided,_multiple_submitters,_no_conflicts",SO:0001587|nonsense,stop_gained,MN1,ENSG00000169184,Transcript,ENST00000302326,protein_coding,5030,YES,0.087,0.9882294061448194,YES
chr22,27796800,1700233,C,T,Pathogenic/Likely_pathogenic,single_nucleotide_variant,MN1:4330,"criteria_provided,_multiple_submitters,_no_conflicts",SO:0001587|nonsense,stop_gained,MN1,ENSG00000169184,Transcript,ENST00000302326,protein_coding,4957,YES,0.087,0.9882294061448194,YES
chr22,36282754,14072,G,A,Pathogenic,single_nucleotide_variant,MYH9:4627,"criteria_provided,_multiple_submitters,_no_conflicts",SO:0001587|nonsense,stop_gained,MYH9,ENSG00000100345,Transcript,ENST00000216181,protein_coding,5977,YES,0.088,0.9305057752707808,YES
chr22,37973701,995940,G,A,Pathogenic,single_nucleotide_variant,SOX10:6663|POLR2F:5435,"criteria_provided,_multiple_submitters,_no_conflicts","SO:0001587|nonsense,SO:0001627|intron_variant",stop_gained,SOX10,ENSG00000100146,Transcript,ENST00000396884,protein_coding,1496,YES,0.209,0.8506734587742946,YES
chr22,37973806,547785,G,A,Pathogenic,single_nucleotide_variant,SOX10:6663|POLR2F:5435,"criteria_provided,_multiple_submitters,_no_conflicts","SO:0001587|nonsense,SO:0001627|intron_variant",stop_gained,SOX10,ENSG00000100146,Transcript,ENST00000396884,protein_coding,1391,YES,0.209,0.8506734587742946,YES
chr22,50731088,988471,C,T,Pathogenic/Likely_pathogenic,single_nucleotide_variant,SHANK3:85358,"criteria_provided,_multiple_submitters,_no_conflicts",SO:0001587|nonsense,stop_gained,SHANK3,ENSG00000251322,Transcript,ENST00000262795,protein_coding,5050,YES,0.123,1.0,YES
chr22,50731100,992589,C,T,Pathogenic,single_nucleotide_variant,SHANK3:85358,"criteria_provided,_multiple_submitters,_no_conflicts",SO:0001587|nonsense,stop_gained,SHANK3,ENSG00000251322,Transcript,ENST00000262795,protein_coding,5062,YES,0.123,1.0,YES
